date,followers,media_count,reach,views,profile_views,accounts_engaged,fetched_at
2026-09-10,2205,,40,85,9,2,2026-10-09T17:47:20Z
2026-09-11,2231,,383,558,21,15,2026-10-09T17:47:20Z
2026-09-12,2234,,1885,2754,109,73,2026-10-09T17:47:20Z
2026-09-13,2238,,250,481,17,7,2026-10-09T17:47:20Z
2026-09-14,2242,,373,725,16,42,2026-10-09T17:47:20Z
2026-09-15,2245,,200,424,8,15,2026-10-09T17:47:20Z
2026-09-16,2249,,48,114,4,2,2026-10-09T17:47:20Z
2026-09-17,2252,,107,248,14,11,2026-10-09T17:47:20Z
2026-09-18,2253,,135,562,22,15,2026-10-09T17:47:20Z
2026-09-19,2258,,81,235,18,4,2026-10-09T17:47:20Z
2026-09-20,2265,,1046,2098,46,89,2026-10-09T17:47:20Z
2026-09-21,2273,,1269,2347,56,59,2026-10-09T17:47:20Z
2026-09-22,2274,,470,1574,45,54,2026-10-09T17:47:20Z
2026-09-23,2276,,730,2028,29,30,2026-10-09T17:47:20Z
2026-09-24,2277,,300,640,20,7,2026-10-09T17:47:20Z
2026-09-25,2281,,389,777,34,31,2026-10-09T17:47:20Z
2026-09-26,2294,,219,769,25,32,2026-10-09T17:47:20Z
2026-09-27,2300,,237,1184,69,23,2026-10-09T17:47:20Z
2026-09-28,2301,,115,512,23,4,2026-10-09T17:47:20Z
2026-09-29,2302,,78,780,21,26,2026-10-09T17:47:20Z
2026-09-30,2304,,75,722,30,46,2026-10-09T17:47:20Z
2026-10-01,2309,,78,466,19,10,2026-10-09T17:47:20Z
2026-10-02,2316,,620,1497,40,68,2026-10-09T17:47:20Z
2026-10-03,2319,,372,806,26,22,2026-10-09T17:47:20Z
2026-10-04,2321,,115,364,17,10,2026-10-09T17:47:20Z
2026-10-05,2323,,83,242,9,7,2026-10-09T17:47:20Z
2026-10-06,2327,,127,290,18,7,2026-10-09T17:47:20Z
2026-10-07,2327,,96,257,14,3,2026-10-09T17:47:20Z
2026-10-08,2327,123,898,2849,75,127,2026-10-09T17:47:20Z
2026-10-09,2327,123,363,895,28,30,2026-10-09T17:47:20Z
