date,breakdown,key,value
2026-10-09,country,DZ,2145
2026-10-09,country,FR,59
2026-10-09,country,GB,21
2026-10-09,country,CA,20
2026-10-09,country,US,13
2026-10-09,country,DE,8
2026-10-09,country,TR,6
2026-10-09,country,AE,4
2026-10-09,country,ES,3
2026-10-09,country,BE,2
2026-10-09,country,QA,2
2026-10-09,country,CH,2
2026-10-09,country,SY,2
2026-10-09,country,IT,2
2026-10-09,country,TN,2
2026-10-09,age,25-34,1047
2026-10-09,age,18-24,762
2026-10-09,age,35-44,280
2026-10-09,age,45-54,104
2026-10-09,age,55-64,51
2026-10-09,age,13-17,37
2026-10-09,age,65+,26
2026-10-09,gender,F,1007
2026-10-09,gender,M,856
2026-10-09,gender,U,444
2026-10-10,country,DZ,2145
2026-10-10,country,FR,59
2026-10-10,country,GB,21
2026-10-10,country,CA,20
2026-10-10,country,US,13
2026-10-10,country,DE,8
2026-10-10,country,TR,6
2026-10-10,country,AE,4
2026-10-10,country,ES,3
2026-10-10,country,BE,2
2026-10-10,country,QA,2
2026-10-10,country,CH,2
2026-10-10,country,SY,2
2026-10-10,country,IT,2
2026-10-10,country,TN,2
2026-10-10,age,25-34,1047
2026-10-10,age,18-24,762
2026-10-10,age,35-44,280
2026-10-10,age,45-54,104
2026-10-10,age,55-64,51
2026-10-10,age,13-17,37
2026-10-10,age,65+,26
2026-10-10,gender,F,1007
2026-10-10,gender,M,856
2026-10-10,gender,U,444
