id,fetched_at,likes,comments,reach,views,saves,shares,total_interactions
18123685462928250,2026-10-09T17:35:24Z,123,7,1058,3053,18,53,219
18077367161409852,2026-10-09T17:35:24Z,60,19,785,1473,1,18,118
17996772152823072,2026-10-09T17:35:24Z,71,5,1582,4254,6,19,116
18061454357782950,2026-10-09T17:35:24Z,135,18,3032,4937,24,40,243
17962993388979432,2026-10-09T17:35:24Z,55,7,612,953,3,6,90
17958297357216171,2026-10-09T17:35:24Z,37,0,1599,2011,10,1,48
18624950722007166,2026-10-09T17:35:24Z,16,0,693,792,2,3,21
18147386386544315,2026-10-09T17:35:24Z,40,4,324,777,0,7,65
18097161638553029,2026-10-09T17:35:24Z,51,16,728,1348,2,8,95
18070679480752746,2026-10-09T17:35:24Z,4,0,136,163,0,0,4
18452061808191784,2026-10-09T17:35:24Z,5,0,184,205,0,0,5
18032039741839103,2026-10-09T17:35:24Z,36,0,1454,1797,7,4,47
18111199895104409,2026-10-09T17:35:24Z,24,1,647,772,7,1,34
18047685569598482,2026-10-09T17:35:24Z,141,33,2601,3663,30,21,247
17960974070979774,2026-10-09T17:35:24Z,11,0,757,851,8,3,22
17884114719616031,2026-10-09T17:35:24Z,114,15,1837,2568,18,13,179
18002872751969479,2026-10-09T17:35:24Z,8,0,226,257,1,0,10
18121983778836139,2026-10-09T17:35:24Z,41,16,301,880,3,3,75
17878955853623874,2026-10-09T17:35:24Z,18,1,735,865,3,0,22
18123223498839020,2026-10-09T17:35:24Z,156,31,2693,3902,27,26,266
18089868377561828,2026-10-09T17:35:24Z,39,0,1491,1836,8,4,51
18121107206482988,2026-10-09T17:35:24Z,50,3,377,935,1,4,73
18603924979031604,2026-10-09T17:35:24Z,67,14,529,1402,4,12,115
17925526764392882,2026-10-09T17:35:24Z,61,5,443,1170,1,2,78
18106592402107079,2026-10-09T17:35:24Z,66,10,515,1309,0,9,100
18605682805061872,2026-10-09T17:35:24Z,49,10,481,1332,3,12,87
18121693216877915,2026-10-09T17:35:24Z,65,9,512,1168,4,4,100
17899441185513834,2026-10-09T17:35:24Z,15,0,1152,1314,9,0,24
17906196687461517,2026-10-09T17:35:24Z,40,9,632,1252,2,6,74
18100200419209506,2026-10-09T17:35:24Z,220,53,3607,5034,24,58,396
18098593139353096,2026-10-09T17:35:24Z,66,14,490,1430,3,10,109
17948718255021753,2026-10-09T17:35:24Z,99,22,1608,2973,1,49,189
18447784201139083,2026-10-09T17:35:24Z,133,21,2418,3927,9,22,207
17883007518456488,2026-10-09T17:35:24Z,219,10,2734,6999,4,17,271
17961644991132092,2026-10-09T17:35:24Z,46,2,355,1001,2,7,72
18004277801761369,2026-10-09T17:35:24Z,50,5,411,1039,2,6,75
18078927386282820,2026-10-09T17:35:24Z,7,0,362,441,2,27,36
18106297399832935,2026-10-09T17:35:24Z,153,15,3159,4594,23,35,249
18105127189858033,2026-10-09T17:35:24Z,42,4,400,900,2,3,65
18123032920740013,2026-10-09T17:35:24Z,46,5,290,718,0,3,70
17945364123038407,2026-10-09T17:35:24Z,84,16,917,2299,1,31,151
18207448882348680,2026-10-09T17:35:24Z,90,19,1262,1993,5,12,146
18092301476049517,2026-10-09T17:35:24Z,1,0,56,57,0,0,1
18109660030766311,2026-10-09T17:35:24Z,64,10,932,1434,3,10,105
18067025432448721,2026-10-09T17:35:24Z,1,0,127,132,0,0,1
18058214210755551,2026-10-09T17:35:24Z,82,12,589,1626,3,11,125
18083799044640311,2026-10-09T17:35:24Z,57,8,947,1468,9,12,103
18008689469924694,2026-10-09T17:35:24Z,2,0,163,192,0,0,2
18078608414271927,2026-10-09T17:35:24Z,72,10,929,1505,6,15,120
18121898056750493,2026-10-09T17:35:24Z,5,0,223,272,1,0,6
18123685462928250,2026-10-09T17:47:59Z,123,7,1059,3054,18,53,219
18077367161409852,2026-10-09T17:47:59Z,60,19,785,1473,1,18,118
