id,timestamp,media_type,media_product_type,permalink,caption
18121898056750493,2026-06-25T18:48:19+0000,VIDEO,REELS,https://www.instagram.com/reel/DaBOKGFxqba/,"One quote. Zero context.  If that line made you curious, imagine what we’re not showing you.  Asset Bound releases July 10. Pre-order your copy now through the link in bio."
18078608414271927,2026-06-25T20:00:10+0000,VIDEO,REELS,https://www.instagram.com/reel/DaBYEUcRlv-/,"One quote. Zero context.  If that line made you curious, imagine what we’re not showing you.  Asset Bound releases July 10. Pre-order your copy now through the link in bio."
18008689469924694,2026-06-27T13:38:52+0000,VIDEO,REELS,https://www.instagram.com/reel/DaF13KqtA-Z/,"Arya Cole. No damsel. No love interest. No side character.  Just a woman with a mission, and everyone else trying to keep up.  📖 Pre-order your copy now."
18083799044640311,2026-06-27T20:00:09+0000,VIDEO,REELS,https://www.instagram.com/reel/DaGhnJIt_sM/,"Arya Cole. No damsel. No love interest. No side character.  Just a woman with a mission, and everyone else trying to keep up.  📖 Pre-order your copy now."
18058214210755551,2026-06-29T20:00:02+0000,CAROUSEL_ALBUM,FEED,https://www.instagram.com/p/DaLrQbOEd-x/,These messages were intercepted sometime between “I’ll just read one chapter” and “it’s 5:02 AM.”  Any resemblance to your future texts is purely coincidental.  Swipe through the evidence. ➡️
18067025432448721,2026-07-01T19:53:05+0000,VIDEO,REELS,https://www.instagram.com/reel/DaQz8qbRWIv/,Reader advisory ⚠️  You will question everyone. Then you’ll question yourself.  Consider this your warning.  Pre-order Asset Bound if you accept the terms. 📖
18109660030766311,2026-07-01T20:15:12+0000,VIDEO,REELS,https://www.instagram.com/reel/DaQ2hjGRKUR/,Reader advisory ⚠️  You will question everyone. Then you’ll question yourself.  Consider this your warning.  Pre-order Asset Bound if you accept the terms. 📖
18092301476049517,2026-07-03T18:16:33+0000,VIDEO,REELS,https://www.instagram.com/reel/DaVvXYxRiax/,"For a minute, you thought it was my story. It wasn’t.  Meet Arya Cole: a grieving daughter, an unwilling recruit, and the Agency’s asset.  Some stories begin with loss. Hers began with a letter from someone who was already dead.  Asset Bound is coming out on July 10th.  The Agency values loyalty above all else."
18207448882348680,2026-07-03T20:00:11+0000,VIDEO,REELS,https://www.instagram.com/reel/DaV-dbwxUeb/,"For a minute, you thought it was my story. It isn't.  Meet Arya Cole: a grieving daughter, an unwilling recruit, and the Agency’s asset.  Some stories begin with loss. Hers began with a letter from someone who was already dead.  Asset Bound is coming out on July 10th.  The Agency values loyalty above all else."
17945364123038407,2026-07-05T19:56:11+0000,CAROUSEL_ALBUM,FEED,https://www.instagram.com/p/DabHhj9jsGR/,A little glimpse into the world of Asset Bound. 👀🦋  Swipe through and tell us which one you’d save to your favorites. 👀📷
18123032920740013,2026-07-06T20:00:01+0000,CAROUSEL_ALBUM,FEED,https://www.instagram.com/p/Dadsw22kSmy/,"Four days to go.  As we count down to the release of Asset Bound, we’re taking you one step closer to the story each day.  See you tomorrow. ⏳"
18105127189858033,2026-07-07T20:00:02+0000,CAROUSEL_ALBUM,FEED,https://www.instagram.com/p/DagRov5EeEj/,"T–72 hours.  We’re getting closer to launch day, so here’s a little glimpse into Arya’s world.  Only three days to go. ⏳📚  Which search would you have typed too? 👀"
18106297399832935,2026-07-08T13:52:30+0000,VIDEO,REELS,https://www.instagram.com/reel/DaiL-37NxmR/,"Plans this weekend? We made them for you. 📚✨  Join us for the Asset Bound Book Signing Event!  📍 @librairielarbreadires Sidi Yahia 📅 Saturday, July 11th, 2026. 🕒 3 to 5pm.  Meet the author, get your copy signed… and keep an eye out for a hidden Golden Ticket. 👀🎟️  See you there."
18078927386282820,2026-07-08T13:53:16+0000,VIDEO,REELS,https://www.instagram.com/reel/DaiMUp9sW2w/,"Plans this weekend? We made them for you. 📚✨  Join us for the Asset Bound Book Signing Event!  📍 @librairielarbreadires Sidi Yahia 📅 Saturday, July 11th, 2026. 🕒 3 to 5pm.  Meet the author, get your copy signed… and keep an eye out for a hidden Golden Ticket. 👀🎟️  See you there."
18004277801761369,2026-07-08T20:00:02+0000,CAROUSEL_ALBUM,FEED,https://www.instagram.com/p/Dai2W92keXe/,"T–48 hours before release. T-72 before the signing event.   The countdown continues… and so does the excitement.  Who’s checking everything off this list with us on July 11? 📚✨  - Librairie L’Arbre à dires, Sidi Yahia. - Saturday, July 11th. - From 3 to 5pm."
17961644991132092,2026-07-09T20:05:01+0000,CAROUSEL_ALBUM,FEED,https://www.instagram.com/p/Dalbz1AkV_c/,Tomorrow. That’s it. That’s the mission.
17883007518456488,2026-07-14T20:00:02+0000,CAROUSEL_ALBUM,FEED,https://www.instagram.com/p/DayTMNfDa1H/,"Some stories begin on the page. Others begin over coffee, conversations, and people who love books.  Thank you to everyone who celebrated the launch of Asset Bound by @author.i.b.rayma with us, to our wonderful hosts @librosiacafe for welcoming us into their space, and a special thank you to @sabrine_reads for helping animate and bring this event to life. 🤍📖"
18447784201139083,2026-07-16T20:00:57+0000,VIDEO,REELS,https://www.instagram.com/reel/Da3bgQLRhin/,A few moments from the launch event of Asset Bound by @author.i.b.rayma !  The first chapter of Atlas House's journey has been written.  Mission accomplished. Here's to many more successful launches.  Over and out.✨️  #launchevent #writing #booksbooksbooks
17948718255021753,2026-07-19T19:01:15+0000,VIDEO,REELS,https://www.instagram.com/reel/Da_ERRPx0vj/,POV: The team understands the assignment. 🤝  A special thank you to @mezomorto.dz for lending us your space. We had so much fun. ☕️🧡  Can you guess which iconic scene we recreated? 👀  #writing #booksbooksbooks #publishing
18098593139353096,2026-07-25T20:00:02+0000,CAROUSEL_ALBUM,FEED,https://www.instagram.com/p/DbOn42yDX5O/,Is it too late to hop on the Millennial vs. Gen Z Team trend? Probably. Did we do it anyway? Absolutely. 🤝  Which team are you on? 👀  📖 Grab your copy. Link in bio.
18100200419209506,2026-07-27T20:00:05+0000,VIDEO,REELS,https://www.instagram.com/reel/DbTxc6NxGX-/,"Asset Bound Made it to TV. 👀🦋  Asset Bound was recently featured on TV by @reslane.lou , and we’re so thankful for the thoughtful conversation and support.  📺: Culture Club, Canal Algérie."
17906196687461517,2026-07-28T14:29:19+0000,VIDEO,REELS,https://www.instagram.com/reel/DbVwX5VN9Eu/,Just a small glimpse into Asset Bound.🦋  One of the moments that made us fall in love with these characters.  Asset Bound is available now. Get your copy. Link in bio. 📚  #whattoread #writing #readmorebooks
17899441185513834,2026-07-29T23:36:34+0000,VIDEO,REELS,https://www.instagram.com/reel/DbZTIWSsyM2/,"Don't say we didn't warn you. 👀 If you're still willing to risk it... Asset Bound is waiting for you. Don't blame us when ""just one more chapter"" becomes your biggest lie.  Get your copy. Link in bio.🦋"
18121693216877915,2026-07-30T20:00:04+0000,VIDEO,REELS,https://www.instagram.com/reel/Dbbf27yNHqr/,"Don't say we didn't warn you. 👀 If you're still willing to risk it... Asset Bound is waiting for you. Don't blame us when ""just one more chapter"" becomes your biggest lie.  Get your copy. Link in bio. 🦋   #readmorebooks #reels #fyp"
18605682805061872,2026-08-01T20:00:01+0000,CAROUSEL_ALBUM,FEED,https://www.instagram.com/p/DbgpiEyCFZU/,"POV: You accidentally opened the protagonist's search history. ✨️ If you know Arya Cole, these searches make sense. If you don't... Welcome to Asset Bound. What search would you add to the list ? 👀  🦋 Illustration by @justramiuk 🦋 . . . #whattoread #search #booklover #artwork"
18106592402107079,2026-08-04T20:00:02+0000,CAROUSEL_ALBUM,FEED,https://www.instagram.com/p/DboXzyEDeUh/,"Spider-sense brought you here? 👀🕷️  Perfect. If you’re leaving the cinema wanting one more adventure, we’ve got you covered.  🕸️ With great power come great secrets.  📖 Grab your copy of Asset Bound through the link in our bio.  🎬 Movie spoilers 🤝 Book spoilers, let’s keep both out of the comments."
17925526764392882,2026-08-06T20:00:01+0000,CAROUSEL_ALBUM,FEED,https://www.instagram.com/p/DbthdHDDb9s/,"Please swipe.  Don't leave just yet.  We're almost there ...  You made it ! If you're here, chances are you like books. Good. We've got just the thing for you.  Asset Bound is an Algerian spy thriller about secrets, impossible choices, and the cost of living a double life. Follow Arya Cole as she's pulled into a secret agency by her late father's final wish, and discovers that surviving missions is only half the battle.  Get your copy. Link in bio.  #spy #thrillerbooks #booklover"
18603924979031604,2026-08-08T20:00:02+0000,CAROUSEL_ALBUM,FEED,https://www.instagram.com/p/Dbyq_mdjXLu/,"If you love all of the above, guess what?  Asset Bound has them all. 👀 Yup, all in one book ! 🤝  If you checked every box, you know what to do.  Get your copy. Link in bio. 🫶   #thisuser #booksbooksbooks #slowburn #thrillerbooks"
18121107206482988,2026-08-10T20:00:07+0000,IMAGE,FEED,https://www.instagram.com/p/Db3kqCqNTXP/,"ONE MONTH OF ASSET BOUND. 🖤  One month ago, Asset Bound left our hands and found its way into yours.  Since then, we’ve watched it travel from bookshelves to bedside tables, cafés, bags, and reading corners. Captured, shared, annotated, and, most importantly, read.  So here’s to one month of Asset Bound in the wild. And to everyone who made it part of theirs.  We’re only getting started. 🦋"
18089868377561828,2026-08-13T12:59:58+0000,VIDEO,REELS,https://www.instagram.com/reel/Db-yvOZNh_x/,"🎬 Day 1 of making Algeria’s first 100% English Publishing House documentary.  The cameras are rolling, the story is questionable, and the production team has absolutely no idea what they’re doing."
18123223498839020,2026-08-13T13:07:31+0000,VIDEO,REELS,https://www.instagram.com/reel/Db-y6IPNwTv/,"🎬 Day 1 of making Algeria’s first 100% English Publishing House documentary.  The cameras are rolling, the story is questionable, and the production team has absolutely no idea what they’re doing."
17878955853623874,2026-08-13T20:18:45+0000,VIDEO,REELS,https://www.instagram.com/reel/Db_jxiBRzZt/,"🎬 Day 1 of making Algeria’s first 100% English Publishing House documentary.  The cameras are rolling, the story is questionable, and the production team has absolutely no idea what they’re doing."
18121983778836139,2026-08-16T20:00:02+0000,CAROUSEL_ALBUM,FEED,https://www.instagram.com/p/DcHRY0GEdm2/,Your identity has been compromised. 🕶️  The Agency has assigned you a new one.  Find your operative designation. Then tell us: what’s your codename?  The Agency is watching. 👀
18002872751969479,2026-08-20T17:54:02+0000,VIDEO,REELS,https://www.instagram.com/reel/DcRUjYpNSKT/,"Watching Spider-Man for the plot, and leaving with a writing trick. 🕷️✍️  Here’s one writers can absolutely steal.  And if you want more writing tricks hiding in movies, shows & books… well, we might have something coming. 👀"
17884114719616031,2026-08-20T20:00:06+0000,VIDEO,REELS,https://www.instagram.com/reel/DcRkleuxpQf/,"Watching Spider-Man for the plot, and leaving with a writing trick. 🕷️✍️  Here’s one writers can absolutely steal.  And if you want more writing tricks hiding in movies, shows & books… well, we might have something coming. 👀"
17960974070979774,2026-08-27T12:13:48+0000,VIDEO,REELS,https://www.instagram.com/reel/Dciu1PzNISz/,"What if we told you we could take the best parts of different movies, mix them together, and give you a story? 🎬👀  That’s ASSET BOUND."
18047685569598482,2026-08-27T20:00:05+0000,VIDEO,REELS,https://www.instagram.com/reel/DcjmJ4Rxr1Q/,"What if we told you we could take the best parts of different movies, mix them together, and give you a story? 🎬👀  That’s ASSET BOUND."
18111199895104409,2026-08-28T17:56:00+0000,VIDEO,REELS,https://www.instagram.com/reel/Dcl8T7LRKkZ/,"🎬 Day 1 of making Algeria’s first 100% English Publishing House documentary.  The cameras are rolling, the story is questionable, and the production team has absolutely no idea what they’re doing."
18032039741839103,2026-08-29T22:08:10+0000,VIDEO,REELS,https://www.instagram.com/reel/Dco-UDqxVlK/,"🎬 Day 1 of making Algeria’s first 100% English Publishing House documentary.  The cameras are rolling, the story is questionable, and the production team has absolutely no idea what they’re doing."
18452061808191784,2026-08-29T22:15:22+0000,VIDEO,REELS,https://www.instagram.com/reel/Dco-26tRVvg/,"A quick test. Watch the countdown.  If you’re hooked before it hits zero, Asset Bound is probably your next read.  (And if “morally grey everything” got you, there’s no saving you. 👀)"
18070679480752746,2026-09-03T17:50:03+0000,VIDEO,REELS,https://www.instagram.com/reel/Dc1YbNZRh8k/,"ASSET BOUND: VIDEO GAME EDITION 🎮  Your mission: survive. Your objective: trust absolutely no one. Your inventory: secrets, questionable decisions and unresolved tension. Your party: probably compromised.  If Asset Bound were a game, these are the ones we’d have running in the background.  Which one are you loading up first? 👀"
18097161638553029,2026-09-03T20:00:06+0000,VIDEO,REELS,https://www.instagram.com/reel/Dc1nvVlRUlc/,"ASSET BOUND: VIDEO GAME EDITION 🎮  Your mission: survive. Your objective: trust absolutely no one. Your inventory: secrets, questionable decisions and unresolved tension. Your party: probably compromised.  If Asset Bound were a game, these are the ones we’d have running in the background.  Which one are you loading up first? 👀"
18147386386544315,2026-09-08T19:46:27+0000,IMAGE,FEED,https://www.instagram.com/p/DdCeDEIx7Bq/,"🎬 THE ASSET BOUND WATCHLIST  Did we already talk about these in the reel? Yes. Are we putting them here anyway? Also yes.  Think of these as little pieces of the Asset Bound DNA: the tension, the secrets, the questionable decisions, the mentor/mentee dynamics… 👀  Your mission: watch responsibly. 🕵️‍♀️🎞️"
18624950722007166,2026-09-11T19:39:39+0000,VIDEO,REELS,https://www.instagram.com/reel/DdKK6e7RzJt/,"🎬 Day 1 of making Algeria’s first 100% English Publishing House documentary.  The cameras are rolling, the story is questionable, and the production team has absolutely no idea what they’re doing."
17958297357216171,2026-09-12T10:42:03+0000,VIDEO,REELS,https://www.instagram.com/reel/DdLy34uxiHT/,"🎬 Day 1 of making Algeria’s first 100% English Publishing House documentary.  The cameras are rolling, the story is questionable, and the production team has absolutely no idea what they’re doing."
17962993388979432,2026-09-14T17:54:03+0000,VIDEO,REELS,https://www.instagram.com/reel/DdRt4S_RQht/,"If you liked these, you might want to meet Asset Bound. 📚  Different stories. Same itch for secrets, tension, and questionable decisions."
18061454357782950,2026-09-20T20:01:59+0000,VIDEO,REELS,https://www.instagram.com/reel/DdhZTijRja7/,"Every city has stories hiding in ordinary places.  Bring us yours. 📍  Stories on the Move Workshop 26 September 2026. 2 PM Advanced Pathways Global, Sidi Yahia.  Atlas House x Advanced Pathways Global Your city has stories. What’s yours?"
17996772152823072,2026-09-22T19:30:01+0000,CAROUSEL_ALBUM,FEED,https://www.instagram.com/p/DdmfXNakclt/,"📍 Got a place that means something to you?  A street. A café. A building. A random corner with a story only you know.  Let’s turn those places into stories. 👀  Stories on the Move is a free, in-person workshop where we’ll share memories, discover what connects our stories, and build a digital heritage trail together. 🗺️✨  📅 September 26th. 🕑 2 PM 📍 Advanced Pathways Global — Sidi Yahia, Algiers 🎟️ Free & in person  🔗 Register through the link in our bio!"
18077367161409852,2026-10-02T20:00:07+0000,VIDEO,REELS,https://www.instagram.com/reel/DeASuIjxDoC/,"Last Saturday was one of those days that just feels good. 🤍  We gathered in a room full of lovely people, grabbed some markers, and started talking about the places we love: the café we always go back to, the street that feels like home, the corner that holds a memory only you know.  Somewhere between the drawings, the stories and a lot of laughter, we built a little trail of our city together. 🗺️  Thank you to everyone who came, shared a piece of their story and made the room feel so warm. You're the heart of Stories on the Move. ✨  And a big thank you to @advancedpathwaysglobal for hosting us so beautifully. We felt right at home. 🙏  Which place in your city would you add to the trail? We'd love to hear 👇"
18123685462928250,2026-10-08T20:00:03+0000,CAROUSEL_ALBUM,FEED,https://www.instagram.com/p/DePvkGUEdeV/,"If you already talk about the books you read like they're gossip, you're comfortable on camera and can't stop hyping what you love? That's you, and we're looking for you.  Atlas House is casting a new face for our books, our events, and the stuff you never see. You film, we edit.  Dm us @atlashousepublishing or email contact@atlashouse.net 👀  Tag the friend who needs to see this"
